{
"MaF1-5d":[0.999999, 0.999999, 0.999999, 0.999999, 0.999999],
"MaF1-8d":[0.999999, 0.999999, 0.999999, 0.999999, 0.999999, 0.999999, 0.999999, 0.999999],
"MaF1-15d":[0.999999, 0.999999, 0.999999, 0.999999, 0.999999, 0.999999, 0.999999, 0.999999, 0.999999, 0.999999, 0.999999, 0.999999, 0.999999, 0.999999, 0.999999],
"MaF1-10d":[0.999999, 0.999999, 0.999999, 0.999999, 0.999999, 0.999999, 0.999999, 0.999999, 0.999999, 0.999999],
"MaF5-10d":[1023.99999999539, 511.999999997696, 255.999999998848, 127.999999999424, 63.999999999712, 31.999999999856, 15.999999999928, 7.999999999964, 3.999999999982, 1.999999999991],
"MaF5-15d":[32767.9999997706, 16383.9999998853, 8191.99999994265, 4095.99999997133, 2047.99999998566, 1023.99999999283, 511.999999996416, 255.999999998208, 127.999999999104, 63.999999999552, 31.999999999776, 15.999999999888, 7.999999999944, 3.999999999972, 1.999999999986],
"MaF5-8d":[255.999999999104, 127.999999999552, 63.999999999776, 31.999999999888, 15.999999999944, 7.999999999972, 3.999999999986, 1.999999999993],
"MaF5-5d":[31.999999999936, 15.999999999968, 7.999999999984, 3.999999999992, 1.999999999996],
"MaF4-5d":[1.999998, 3.999996, 7.999992, 15.999984, 31.999968],
"MaF4-8d":[1.999998, 3.999996, 7.999992, 15.999984, 31.999968, 63.999936, 127.999872, 255.999744],
"MaF4-10d":[1.999998, 3.999996, 7.999992, 15.999984, 31.999968, 63.999936, 127.999872, 255.999744, 511.999488, 1023.998976],
"MaF4-15d":[1.999998, 3.999996, 7.999992, 15.999984, 31.999968, 63.999936, 127.999872, 255.999744, 511.999488, 1023.998976, 2047.997952, 4095.995904, 8191.991808, 16383.983616, 32767.967232],
"MaF6-5d":[0.353553390593097, 0.353553390593097, 0.49999999999975, 0.707106781186194, 0.9999999999995],
"MaF6-10d":[0.0624999999999687, 0.0624999999999687, 0.0883883476482742, 0.124999999999937, 0.176776695296548, 0.249999999999875, 0.353553390593097, 0.49999999999975, 0.707106781186194, 0.9999999999995],
"MaF6-8d":[0.124999999999937, 0.124999999999937, 0.176776695296548, 0.249999999999875, 0.353553390593097, 0.49999999999975, 0.707106781186194, 0.9999999999995],
"MaF6-15d":[0.0110485434560343, 0.0110485434560343, 0.0156249999999922, 0.0220970869120685, 0.0312499999999844, 0.0441941738241371, 0.0624999999999687, 0.0883883476482742, 0.124999999999937, 0.176776695296548, 0.249999999999875, 0.353553390593097, 0.49999999999975, 0.707106781186194, 0.9999999999995],
"MaF2-5d":[0.577350269189626, 0.577350269189626, 0.666666666666667, 0.812276932106895, 0.9198662110078],
"MaF2-15d":[0.330076680373241, 0.330076600283239, 0.357272301737953, 0.386708722958621, 0.418570478301952, 0.453057395035727, 0.490385765276961, 0.530789702193473, 0.574522608184297, 0.621858764102036, 0.673095049444326, 0.728552804289052, 0.788579844645225, 0.853552643856674, 0.92387869373849],
"MaF2-10d":[0.490386056736338, 0.490385937748773, 0.530789860805306, 0.574522761022645, 0.621858914991008, 0.673095200713911, 0.728552957579053, 0.788580001230569, 0.853552804805213, 0.923878859997322],
"MaF2-8d":[0.574523002475306, 0.574522863072703, 0.621859003379606, 0.673095283030452, 0.728553037038657, 0.788580079620399, 0.853552883286058, 0.923878939409892],
"MaF3-5d":[0.999994000025, 0.999994000025, 0.999994000025, 0.999994000025, 0.999996000016],
"MaF3-10d":[0.999984000189999, 0.999984000189999, 0.999984000189999, 0.999984000189999, 0.999984000189999, 0.999984000189998, 0.999984000189998, 0.999984000189998, 0.999984000189998, 0.999991000080999],
"MaF3-15d":[0.999974000504993, 0.999974000504993, 0.999974000504993, 0.999974000504993, 0.999974000504993, 0.999974000504992, 0.999974000504992, 0.999974000504992, 0.999974000504992, 0.999974000504992, 0.999974000504992, 0.999974000504992, 0.999974000504992, 0.999974000504991, 0.999986000195997],
"MaF3-8d":[0.999988000106, 0.999988000106, 0.999988000105999, 0.999988000105999, 0.999988000105999, 0.999988000105999, 0.999988000105999, 0.999993000049],
"MaF7-5d":[0.859401, 0.859401, 0.859401, 0.859401, 10.0],
"MaF7-8d":[0.859401, 0.859401, 0.859401, 0.859401, 0.859401, 0.859401, 0.859401, 16.0],
"MaF7-15d":[0.859401, 0.859401, 0.859401, 0.859401, 0.859401, 0.859401, 0.859401, 0.859401, 0.859401, 0.859401, 0.859401, 0.859401, 0.859401, 0.859401, 30.0],
"MaF7-10d":[0.859402, 0.859401, 0.859401, 0.859401, 0.859401, 0.859401, 0.859401, 0.859401, 0.859401, 20.0]
}